-- Insérer des données
INSERT INTO compawny_dev.role (id, name)
VALUES
    ( NULL, 'admin'),
    ( NULL, 'user')
;

-- admin@admin.fr / admin
-- user@user.fr / user
INSERT INTO compawny_dev.user (id, email, password, role_id)
VALUES
    ( NULL, 'admin@admin.fr', '$argon2i$v=19$m=16,t=2,p=1$WTR0clg5SnhXY0oyMWV4Rg$IBoK3eGBPCvRQBibyOugIg', 1),
    ( NULL, 'user@user.fr', '$argon2i$v=19$m=16,t=2,p=1$SWV2NkdEVFNETk9oQlVuYw$tgrVP86snOGn6U7kUUf39g', 2)
;

INSERT INTO compawny_dev.country (id, name) VALUES
(1, 'Afghanistan'),
(2, 'Afrique du Sud'),
(3, 'Albanie'),
(4, 'Algérie'),
(5, 'Allemagne'),
(6, 'Andorre'),
(7, 'Angola'),
(8, 'Antigua-et-Barbuda'),
(9, 'Arabie saoudite'),
(10, 'Argentine'),
(11, 'Arménie'),
(12, 'Australie'),
(13, 'Autriche'),
(14, 'Azerbaïdjan'),
(15, 'Bahamas'),
(16, 'Bahreïn'),
(17, 'Bangladesh'),
(18, 'Barbade'),
(19, 'Belgique'),
(20, 'Belize'),
(21, 'Bénin'),
(22, 'Bhoutan'),
(23, 'Biélorussie'),
(24, 'Birmanie'),
(25, 'Bolivie'),
(26, 'Bosnie-Herzégovine'),
(27, 'Botswana'),
(28, 'Brésil'),
(29, 'Brunéi'),
(30, 'Bulgarie'),
(31, 'Burkina Faso'),
(32, 'Burundi'),
(33, 'Cambodge'),
(34, 'Cameroun'),
(35, 'Canada'),
(36, 'Cap-Vert'),
(37, 'Chili'),
(38, 'Chine'),
(39, 'Chypre'),
(40, 'Colombie'),
(41, 'Comores'),
(42, 'Congo'),
(43, 'Congo (République démocratique du)'),
(44, 'Corée du Nord'),
(45, 'Corée du Sud'),
(46, 'Costa Rica'),
(47, 'Côte d’Ivoire'),
(48, 'Croatie'),
(49, 'Cuba'),
(50, 'Danemark'),
(51, 'Djibouti'),
(52, 'Dominique'),
(53, 'Égypte'),
(54, 'Émirats arabes unis'),
(55, 'Équateur'),
(56, 'Érythrée'),
(57, 'Espagne'),
(58, 'Estonie'),
(59, 'Eswatini'),
(60, 'États-Unis'),
(61, 'Éthiopie'),
(62, 'Fidji'),
(63, 'Finlande'),
(64, 'France'),
(65, 'Gabon'),
(66, 'Gambie'),
(67, 'Géorgie'),
(68, 'Ghana'),
(69, 'Grèce'),
(70, 'Grenade'),
(71, 'Guatemala'),
(72, 'Guinée'),
(73, 'Guinée-Bissau'),
(74, 'Guinée équatoriale'),
(75, 'Guyana'),
(76, 'Haïti'),
(77, 'Honduras'),
(78, 'Hongrie'),
(79, 'Îles Marshall'),
(80, 'Îles Salomon'),
(81, 'Inde'),
(82, 'Indonésie'),
(83, 'Irak'),
(84, 'Iran'),
(85, 'Irlande'),
(86, 'Islande'),
(87, 'Israël'),
(88, 'Italie'),
(89, 'Jamaïque'),
(90, 'Japon'),
(91, 'Jordanie'),
(92, 'Kazakhstan'),
(93, 'Kenya'),
(94, 'Kirghizistan'),
(95, 'Kiribati'),
(96, 'Koweït'),
(97, 'Laos'),
(98, 'Lesotho'),
(99, 'Lettonie'),
(100, 'Liban'),
(101, 'Libéria'),
(102, 'Libye'),
(103, 'Liechtenstein'),
(104, 'Lituanie'),
(105, 'Luxembourg'),
(106, 'Macédoine du Nord'),
(107, 'Madagascar'),
(108, 'Malaisie'),
(109, 'Malawi'),
(110, 'Maldives'),
(111, 'Mali'),
(112, 'Malte'),
(113, 'Maroc'),
(114, 'Maurice'),
(115, 'Mauritanie'),
(116, 'Mexique'),
(117, 'Micronésie'),
(118, 'Moldavie'),
(119, 'Monaco'),
(120, 'Mongolie'),
(121, 'Monténégro'),
(122, 'Mozambique'),
(123, 'Namibie'),
(124, 'Nauru'),
(125, 'Népal'),
(126, 'Nicaragua'),
(127, 'Niger'),
(128, 'Nigeria'),
(129, 'Norvège'),
(130, 'Nouvelle-Zélande'),
(131, 'Oman'),
(132, 'Ouganda'),
(133, 'Ouzbékistan'),
(134, 'Pakistan'),
(135, 'Palaos'),
(136, 'Palestine'),
(137, 'Panama'),
(138, 'Papouasie-Nouvelle-Guinée'),
(139, 'Paraguay'),
(140, 'Pays-Bas'),
(141, 'Pérou'),
(142, 'Philippines'),
(143, 'Pologne'),
(144, 'Portugal'),
(145, 'Qatar'),
(146, 'République centrafricaine'),
(147, 'République dominicaine'),
(148, 'Roumanie'),
(149, 'Royaume-Uni'),
(150, 'Russie'),
(151, 'Rwanda'),
(152, 'Saint-Christophe-et-Niévès'),
(153, 'Saint-Marin'),
(154, 'Saint-Vincent-et-les-Grenadines'),
(155, 'Sainte-Lucie'),
(156, 'Salvador'),
(157, 'Samoa'),
(158, 'Sao Tomé-et-Principe'),
(159, 'Sénégal'),
(160, 'Serbie'),
(161, 'Seychelles'),
(162, 'Sierra Leone'),
(163, 'Singapour'),
(164, 'Slovaquie'),
(165, 'Slovénie'),
(166, 'Somalie'),
(167, 'Soudan'),
(168, 'Soudan du Sud'),
(169, 'Sri Lanka'),
(170, 'Suède'),
(171, 'Suisse'),
(172, 'Suriname'),
(173, 'Syrie'),
(174, 'Tadjikistan'),
(175, 'Tanzanie'),
(176, 'Tchad'),
(177, 'Tchéquie'),
(178, 'Thaïlande'),
(179, 'Timor oriental'),
(180, 'Togo'),
(181, 'Tonga'),
(182, 'Trinité-et-Tobago'),
(183, 'Tunisie'),
(184, 'Turkménistan'),
(185, 'Turquie'),
(186, 'Tuvalu'),
(187, 'Ukraine'),
(188, 'Uruguay'),
(189, 'Vanuatu'),
(190, 'Vatican'),
(191, 'Venezuela'),
(192, 'Viêt Nam'),
(193, 'Yémen'),
(194, 'Zambie'),
(195, 'Zimbabwe');

INSERT INTO compawny_dev.department (id, name) VALUES
(1, 'Ain (01)'),
(2, 'Aisne (02)'),
(3, 'Allier (03)'),
(4, 'Alpes-de-Haute-Provence (04)'),
(5, 'Hautes-Alpes (05)'),
(6, 'Alpes-Maritimes (06)'),
(7, 'Ardèche (07)'),
(8, 'Ardennes (08)'),
(9, 'Ariège (09)'),
(10, 'Aube (10)'),
(11, 'Aude (11)'),
(12, 'Aveyron (12)'),
(13, 'Bouches-du-Rhône (13)'),
(14, 'Calvados (14)'),
(15, 'Cantal (15)'),
(16, 'Charente (16)'),
(17, 'Charente-Maritime (17)'),
(18, 'Cher (18)'),
(19, 'Corrèze (19)'),
(20, 'Corse-du-Sud (2A)'),
(21, 'Haute-Corse (2B)'),
(22, 'Côte-d’Or (21)'),
(23, 'Côtes-d’Armor (22)'),
(24, 'Creuse (23)'),
(25, 'Dordogne (24)'),
(26, 'Doubs (25)'),
(27, 'Drôme (26)'),
(28, 'Eure (27)'),
(29, 'Eure-et-Loir (28)'),
(30, 'Finistère (29)'),
(31, 'Gard (30)'),
(32, 'Haute-Garonne (31)'),
(33, 'Gers (32)'),
(34, 'Gironde (33)'),
(35, 'Hérault (34)'),
(36, 'Ille-et-Vilaine (35)'),
(37, 'Indre (36)'),
(38, 'Indre-et-Loire (37)'),
(39, 'Isère (38)'),
(40, 'Jura (39)'),
(41, 'Landes (40)'),
(42, 'Loir-et-Cher (41)'),
(43, 'Loire (42)'),
(44, 'Haute-Loire (43)'),
(45, 'Loire-Atlantique (44)'),
(46, 'Loiret (45)'),
(47, 'Lot (46)'),
(48, 'Lot-et-Garonne (47)'),
(49, 'Lozère (48)'),
(50, 'Maine-et-Loire (49)'),
(51, 'Manche (50)'),
(52, 'Marne (51)'),
(53, 'Haute-Marne (52)'),
(54, 'Mayenne (53)'),
(55, 'Meurthe-et-Moselle (54)'),
(56, 'Meuse (55)'),
(57, 'Morbihan (56)'),
(58, 'Moselle (57)'),
(59, 'Nièvre (58)'),
(60, 'Nord (59)'),
(61, 'Oise (60)'),
(62, 'Orne (61)'),
(63, 'Pas-de-Calais (62)'),
(64, 'Puy-de-Dôme (63)'),
(65, 'Pyrénées-Atlantiques (64)'),
(66, 'Hautes-Pyrénées (65)'),
(67, 'Pyrénées-Orientales (66)'),
(68, 'Bas-Rhin (67)'),
(69, 'Haut-Rhin (68)'),
(70, 'Rhône (69)'),
(71, 'Haute-Saône (70)'),
(72, 'Saône-et-Loire (71)'),
(73, 'Sarthe (72)'),
(74, 'Savoie (73)'),
(75, 'Haute-Savoie (74)'),
(76, 'Paris (75)'),
(77, 'Seine-Maritime (76)'),
(78, 'Seine-et-Marne (77)'),
(79, 'Yvelines (78)'),
(80, 'Deux-Sèvres (79)'),
(81, 'Somme (80)'),
(82, 'Tarn (81)'),
(83, 'Tarn-et-Garonne (82)'),
(84, 'Var (83)'),
(85, 'Vaucluse (84)'),
(86, 'Vendée (85)'),
(87, 'Vienne (86)'),
(88, 'Haute-Vienne (87)'),
(89, 'Vosges (88)'),
(90, 'Territoire de Belfort (89)'),
(91, 'Yonne (90)'),
(92, 'Essonne (91)'),
(93, 'Hauts-de-Seine (92)'),
(94, 'Seine-Saint-Denis (93)'),
(95, 'Val-de-Marne (94)'),
(96, 'Val-d’Oise (95)'),
(97, 'Guadeloupe (971)'),
(98, 'Martinique (972)'),
(99, 'Guyane (973)'),
(100, 'La Réunion (974)'),
(101, 'Mayotte (976)')
;


INSERT INTO compawny_dev.species (id, name) VALUES
( 1 , 'Chien'),
( 2 , 'Chat'),
( 3 , 'NAC')
;

INSERT INTO compawny_dev.association
(id, name, introduction, image, description, website, address, email, is_international, latitude, longitude, country_id, department_id) VALUES
(1,
'SOS Chiens France', NULL,
'sos_chiens_france.png',
'L’association SOS Chiens France est dédiée au sauvetage, à la protection et à l’adoption des chiens abandonnés ou maltraités. Elle intervient notamment pour sortir des chiens de fourrière et leur trouver des familles aimantes.',
'https://soschiensfrance.com',
'12 Grande Rue, 76220 Neuf-Marché',
'contact@soschiensfrance.com',
0,
49.7289,
1.4105,
64,
77
),

(2,
'Pet’s Rescue France', NULL,
'pets_rescue_france.png',
'Pet’s Rescue France est une association de protection animale basée à Aubusson qui lutte contre la maltraitance animale et place chiens et autres animaux recueillis en familles d’accueil ou adoption. Elle informe, soigne et accompagne les animaux avant leur placement.',
'https://sos-animaux-23.fr',
'Esplanade Charles de Gaulle, 23200 Aubusson',
'contact@sos-animaux-23.fr',
0,
45.9924,
2.1651,
64,
23
),

(3,
'Refuge de Messigny et Vantoux – SPA', NULL,
'refuge_jouvence.png',
'Le Refuge de Jouvence, géré par la SPA (Société Protectrice des Animaux), accueille chiens et chats en difficulté pour leur offrir soins, hébergement et favoriser leur adoption dans de bonnes conditions.',
'https://www.spa-messigny.fr',
'Route du Val Suzon, 21380 Messigny-et-Vantoux',
'refugedejouvence@spa-messigny.fr',
0,
47.3850,
5.0819,
64,
22
),

(4,
'École du Chat de Paris', NULL,
'ecole_du_chat_de_paris.png',
'L’École du Chat de Paris est une association reconnue œuvrant pour le bien-être des chats. Elle gère plusieurs structures de soins et de stérilisation et favorise la mise en adoption des chats errants ou abandonnés.',
'https://www.ecoleduchatparis.com',
'15 Rue de Courcelles, 75008 Paris',
'contact@ecoleduchatparis.com',
0,
48.8761,
2.3125,
64,
76
),

(5,
'Association C.H.E.V.A.L', NULL,
'association_cheval.png',
'L’Association C.H.E.V.A.L œuvre pour le sauvetage, la réhabilitation et la retraite de chevaux, poneys et ânes maltraités, âgés ou abandonnés. Cette structure accueille des équidés provenant de saisies judiciaires ou de situations difficiles, leur offrant les soins nécessaires et l’opportunité de finir paisiblement leurs jours, tout en favorisant leur adoption quand cela est possible.',
'https://www.refuge-cheval.com',
'Domaine du Valat de Ramel, 30100 Alès',
'contact@refuge-cheval.com',
0,
44.1245,
4.0887,
64,
30
),

(6,
'White Rabbit – Réhabilitation des NAC', NULL,
'white_rabbit_nac.png',
'White Rabbit est une association française qui se consacre à la réhabilitation des Nouveaux Animaux de Compagnie (NAC) issus de laboratoires pour leur offrir une vie en famille. Elle s’occupe de lapins, rats, souris, cochons d’Inde, hamsters et autres, et travaille avec des familles d’accueil pour assurer leur bien-être et leur adoption.',
'https://www.white-rabbit.org',
'9 Rue de l’Abbé Grégoire, 75006 Paris',
'contact@white-rabbit.org',
0,
48.8484,
2.3320,
64,
76
),

(7,
'Défense de l’Animal - Refuge local', NULL,
'defense_de_l_animal_refuge.png',
'Défense de l’Animal est un réseau national de refuges de protection animale présents dans de nombreux départements. Plusieurs refuges locaux prennent en charge des chiens en détresse, leur offrant soins, hébergement et soutien en vue d’adoption, tout en sensibilisant le public à la protection des animaux.',
'https://www.defensedelanimal.fr',
'26 Rue Thomassin, 69291 Lyon CEDEX 02',
'contact@defensedelanimal.fr',
0,
45.7580,
4.8540,
64,
69
),

(8,
'Les Petits NAC', NULL,
'les_petits_nac.png',
'L’association Les Petits NAC est spécialisée dans le sauvetage, la protection et l’adoption de petits mammifères (lapins, cochons d’Inde, hamsters, chinchillas…), souvent négligés. Elle sensibilise le public aux besoins spécifiques de ces animaux et travaille à leur placement en familles adoptives.',
'https://www.lespetitsnac.org',
'20 Rue de la République, 28000 Chartres',
'contact@lespetitsnac.org',
0,
48.4497,
1.4890,
64,
28
),

(9,
'Association Féline de Paris', NULL,
'association_feline_paris.png',
'L’Association Féline de Paris est dédiée exclusivement aux chats abandonnés ou en difficulté. L’association assure le recueil, les soins, la socialisation et la mise en adoption de chats et chatons, tout en sensibilisant le public à l’importance de la stérilisation et de la protection féline.',
'https://www.feline-paris.fr',
'18 Rue de la Glacière, 75013 Paris',
'contact@feline-paris.fr',
0,
48.8285,
2.3530,
64,
76
),

(10,
'Apache Terre d’Accueil', NULL,
'apache_terre_d_accueil.png',
'Apache Terre d’Accueil est une association dédiée à la protection des oiseaux exotiques, notamment les perroquets saisis ou abandonnés. Le refuge offre un environnement adapté pour la réhabilitation des oiseaux et travaille à sensibiliser sur leurs besoins spécifiques.',
'https://association-apache.org',
'3 Rue de l’Abreuvoir, 17100 Saintes',
'contact@association-apache.org',
0,
45.7486,
-0.6499,
64,
17
),

(11,
'Cat & Co – Protection animale', NULL,
'cat_and_co.png',
'L’association Cat & Co œuvre pour la protection et la mise en adoption de plusieurs espèces animales (chats, chiens, NAC, animaux de ferme). Elle accueille les animaux, assure leurs soins et travaille à les socialiser pour trouver des familles adaptées.',
'https://www.cat-and-co.com',
'5 Rue du Moulin, 77170 Coubert',
'contact@cat-and-co.com',
0,
48.6731,
2.7678,
64,
77
),

(12,
'Association Equi Vimeu', NULL,
'association_equi_vimeu.png',
'L’Association Equi Vimeu se consacre au sauvetage, aux soins et à la réinsertion de chevaux parfois destinés à l’abattoir ou maltraités. Elle œuvre pour offrir aux équidés une vie décente et accompagne leur rééducation et leur placement en famille d’accueil ou sanctuaire.',
'https://www.helloasso.com/associations/association-equi-vimeu',
'10 Rue de Oisy, 02450 Bergues-sur-Sambre',
'contact@association-equi-vimeu.org',
0,
50.1768,
3.2465,
64,
02
),

(13,
'Animaux Secours – Le Refuge de l’Espoir', NULL,
'animaux_secours_refuge.png',
'L’association Animaux‑Secours gère le Refuge de l’Espoir à Arthaz‑Pont‑Notre‑Dame, un centre d’accueil dédié à la protection animale. Elle recueille chiens, chats, NAC et animaux de ferme en détresse, les soigne et les prépare à l’adoption dans des conditions adaptées.',
'https://www.animaux-secours.fr',
'284 Route de la Basse Arve, 74380 Arthaz‑Pont‑Notre‑Dame',
'info@animaux-secours.fr',
0,
46.1820,
6.2070,
64,
74
),

(14,
'AU Bazar des NAC', NULL,
'au_bazar_des_nac.png',
'L’association Au Bazar des NAC est spécialisée dans l’accueil, le soin et la recherche de familles d’accueil ou d’adoption pour Nouveaux Animaux de Compagnie (lapins, cochons d’Inde, reptiles, furets, etc.) en situation d’abandon ou de maltraitance.',
'https://www.aubazardesnac.com',
'12 Rue des Acacias, 31200 Toulouse',
'contact@unbazardesnac.fr',
0,
43.6045,
1.4442,
64,
31
),

(15,
'Refuge GroinGroin', NULL,
'refuge_groingroin.png',
'Le Refuge GroinGroin est un sanctuaire animalier qui accueille principalement des animaux de ferme (cochons, poules, canards, oies, etc.), souvent sauvés de l’abattoir ou abandonnés. Les animaux vivent ensemble en liberté sur de grands espaces et bénéficient de soins adaptés dans un contexte de refuge respectueux.',
'https://www.refuge-groingroin.fr',
'Les Durandières, 72110 Neuvillette‑en‑Charnie',
'contact@refuge-groingroin.fr',
0,
48.0396,
0.1558,
64,
72
),

(16,
'Animal Cross', NULL,
'animal_cross.png',
"L’association Animal Cross œuvre pour la protection et l’adoption d’animaux domestiques et de ferme. Elle propose un accompagnement personnalisé des animaux recueillis et collabore avec des familles d’accueil et des bénévoles pour favoriser leur bien‑être et leur placement en foyer respectueux.",
'https://www.animalcross.fr',
'12 Avenue du Général Leclerc, 64000 Pau',
'contact@animalcross.fr',
0,
43.2951,
-0.3708,
64,
64
),

(17,
'RSPCA Australia',
'L’association RSPCA Australia est un refuge/centre de soin qui améliore la vie des animaux domestiques et sauvages de la faune locale.',
'rspca_australia.png',
'Les bénévoles peuvent assister aux soins vétérinaires, nourrir et promener les animaux, nettoyer les enclos, aider aux événements publics et soutenir les campagnes de protection animale.',
'https://www.rspca.org.au',
'PO Box 265, Deakin West ACT',
'national@rspca.org.au',
1,
-35.3140,
149.1090,
12, -- Australie
NULL
),

(18,
'Giraffe Conservation Foundation', 
'La Giraffe Conservation Foundation lutte pour la protection et le suivi des populations de girafes sauvages en Namibie.',
'giraffe_conservation_foundation.png',
'L’organisation mène des recherches scientifiques, des programmes de conservation et de sensibilisation. Les bénévoles peuvent assister aux missions de suivi sur le terrain, contribuer à la collecte de données, aider à la logistique des expéditions et participer aux actions éducatives auprès des communautés locales.',
'https://giraffeconservation.org',
'1 Kuiseb Street, Windhoek, Namibie',
'info@giraffeconservation.org',
1,
-22.5609,
17.0658,
123, -- Namibie
NULL
),

(19,
'D.A.R.N.A Animal Rescue',
'Le D.A.R.N.A Animal Rescue est un refuge dédié à recueillir, soigner et socialiser des animaux abandonnés pour leur trouver une famille.',
'darna_animal_rescue.png',
'Les bénévoles peuvent s’occuper des soins quotidiens, nettoyer les espaces de vie des animaux, assister aux adoptions, nourrir et promener les chiens, et participer aux activités de sensibilisation du public.',
'https://www.darnaanimalrescue.org',
'Ctra. Carlet – Alzira, 46640 Carlet, Valence',
'adopt.darna@gmail.com',
1,
39.2330,
-0.5370,
57, -- Espagne
NULL
),

(20,
'ASCPCA (American Society for the Prevention of Cruelty to Animals)',
'L’ASPCA aux États-Unis protège les animaux contre la maltraitance et le trafic. Elle sensibilise et encourage l’adoption responsable.',
'aspca.png',
'Les bénévoles peuvent nourrir les animaux, nettoyer les espaces, assister aux événements de sensibilisation, aider aux programmes éducatifs et soutenir les campagnes locales de protection animale.',
'https://www.aspca.org',
'424 East 92nd Street, New York, NY',
'info@aspca.org',
1,
40.7808,
-73.9442,
60, -- États-Unis
NULL
),

(21,
'David Sheldrick Wildlife Trust',
'La Sheldrick Wildlife Trust au Kenya sauve et réhabilite les éléphants orphelins et lutte contre le braconnage dans la région.',
'sheldrick_wildlife_trust.png',
'Les bénévoles peuvent nourrir les éléphants, participer à la réhabilitation et l’éducation des jeunes, aider à la sensibilisation et au suivi des animaux sauvés, et assister aux programmes de conservation sur le terrain.',
'https://www.sheldrickwildlifetrust.org',
'P.O. Box 15555, Mbagathi, Nairobi',
'info@sheldrickwildlifetrust.org',
1,
-1.3788,
36.7749,
93, -- Kenya
NULL
),

(22,
'Fundación Temaikèn',
'La Fundación Temaikèn en Argentine protège les espèces locales et éduque le public via son incroyable parc de biodiversité.',
'fundacion_temaiken.png',
'Les bénévoles peuvent nourrir et soigner les animaux, assister aux programmes éducatifs, aider à l’entretien des enclos et participer aux activités de sensibilisation.',
'https://www.temaiken.org.ar',
'Ruta 25 Km 1, Belén de Escobar',
'info@temaiken.org.ar',
1,
-34.3400,
-58.8160,
10, -- Argentine
NULL
),

(23,
'People for Animals (PFA)',
'People for Animals est un refuge en Inde qui recueille, soigne et trouve des familles aux animaux abandonnés et maltraités.',
'people_for_animals.png',
'Les bénévoles peuvent nourrir les animaux, participer aux soins vétérinaires, assister aux campagnes de vaccination et stérilisation, nettoyer les refuges, et sensibiliser la population à la protection animale.',
'https://peopleforanimalsindia.org',
'14 Ashoka Road, New Delhi',
'info@peopleforanimalsindia.org',
1,
28.6139,
77.2090,
81, -- Inde
NULL
),

(24,
'Projeto TAMAR',
'Projeto TAMAR au Brésil est une association qui recueille, soigne et suis les tortues marines mais protège aussi leurs habitats.',
'projeto_tamar.png',
'Les bénévoles peuvent surveiller les plages, relâcher les tortues, participer au nettoyage des sites, assister aux programmes éducatifs et sensibiliser les communautés locales à la conservation marine.',
'https://www.tamar.org.br',
'Praia do Forte, Mata de São João',
'contato@tamar.org.br',
1,
-12.5760,
-38.0060,
28, -- Brésil
NULL
),

(25,
'Wildlife Friends Foundation Thailand',
'Wildlife Friends Foundation Thailand sauve et soigne des animaux sauvages victimes de trafic ou de maltraitance dans la région.',
'wfft_thailand.png',
'Les bénévoles peuvent nourrir et soigner les animaux, nettoyer et entretenir les refuges, participer à la réhabilitation et sensibiliser le public sur la protection de la faune.',
'https://www.wfft.org',
'108 Moo 6, Thayang, Phetchaburi',
'info@wfft.org',
1,
12.9730,
99.7320,
178, -- Thaïlande
NULL
),

(26,
'Cambodian Animals Protection Association',
'La Cambodian Animals Protection Association (CAPA) est un refuge dédié à recueillir et soigner les chiens et chats errants ou abandonnés au Cambodge.',
'cambodian_animals_protection_association.png',
'Les bénévoles peuvent participer aux soins des animaux, nourrir les animaux, assister aux campagnes de stérilisation, nettoyer et entretenir les espaces du refuge, et sensibiliser les habitants à la protection animale.',
'http://capa.asso-web.com',
'House 9–11, Street 476, Toul Tompoung I, Chamkamorn, Phnom Penh',
'kimloan.tep@gmail.com',
1,
11.5564,
104.9282,
33, -- Cambodge
NULL
),

(27,
'WWF Canada',
'L’association WWF Canada œuvre pour la conservation des écosystèmes et des espèces emblématiques, au Canada mais aussi partout dans le monde.',
'wwf_canada.png',
'Les bénévoles peuvent participer à des programmes de suivi de la faune, aider à la sensibilisation et aux événements éducatifs, et soutenir les projets locaux de conservation.',
'https://www.wwf.ca',
'245 Eglinton Ave E, Toronto',
'info@wwfcanada.org',
1,
43.7060,
-79.3980,
35, -- Canada
NULL
),

(28,
'NSPCA (National Council of SPCAs South Africa)',
'La NSPCA en Afrique du Sud est une association qui œuvre contre la maltraitance et le trafic des animaux et améliore leurs conditions de vie.',
'nspca_south_africa.png',
'Les bénévoles peuvent nourrir et soigner les animaux, participer au nettoyage des refuges, soutenir les enquêtes sur la maltraitance, et aider aux campagnes de sensibilisation locale.',
'https://nspca.co.za',
'6 Clark Road, Germiston',
'info@nspca.co.za',
1,
-26.2180,
28.1620,
2, -- Afrique du Sud
NULL
),

(29,
'Orangutan Foundation International',
'Orangutan Foundation International est une organisation dédiée à la protection des orangs-outans et de leur habitat naturel en Indonésie.',
'orangutan_foundation_international.png',
'L’association gère des programmes de sauvetage, de réhabilitation et de réintroduction en forêt. Les bénévoles peuvent participer à la préparation de nourriture pour les primates, assister les équipes locales dans les soins et l’entretien des centres, soutenir les actions de reforestation et contribuer à la sensibilisation des communautés locales.',
'https://orangutan.org',
'Jl. Ahmad Yani, Pangkalan Bun, Central Kalimantan, Indonésie',
'info@orangutan.org',
1,
-2.6833,
111.6167,
82, -- Indonésie
NULL
),

(30,
'Sauvons Nos Animaux RDC',
'Sauvons Nos Animaux est un refuge qui accueille et soigne chiens et chats abandonnés ou maltraités en République Démocratique du Congo.',
'sauvons_nos_animaux_rdc.png',
'Les bénévoles peuvent aider aux soins des animaux, participer au nettoyage des enclos, nourrir les animaux, aider à la réhabilitation et participer aux campagnes de sensibilisation locales.',
'https://www.animauxrdc.org',
'Av. Kozibwa Cirhagabwa, Kabare, Bukavu, Sud‑Kivu',
'info@animauxrdc.org',
1,
-2.5156,
28.8533,
43, -- République démocratique du Congo
NULL
),

(31,
'Sea Turtle Conservancy',
'La Sea Turtle Conservancy est active au Costa Rica, notamment dans la région de Tortuguero, pour la protection des tortues marines et de leurs sites de ponte.',
'sea_turtle_conservancy.png',
'Les bénévoles peuvent participer aux patrouilles nocturnes sur les plages, aider à la collecte de données scientifiques, surveiller les nids, et sensibiliser les visiteurs à la conservation des écosystèmes marins.',
'https://conserveturtles.org',
'Tortuguero, Limón Province, Costa Rica',
'info@conserveturtles.org',
1,
10.5417,
-83.5040,
46, -- Costa Rica
NULL
);


INSERT INTO compawny_dev.action
(id, name, image, description, published, is_active, association_proposal, source, association_id) VALUES
( 1 , 'Journée Spéciale Adoption Chiens', 'a1.jpg', 'Tous les samedis, venez au refuge rencontrer des chiens adorables et peut-être adopter votre futur compagnon ! Des journées pleines de câlins et de rencontres.', '2025-12-01', 1, NULL, 'admin', 1),
( 2 , 'Randonnées Solidaires', 'a4.jpg', 'Tous les dimanches, l’association  organise une marche conviviale pour soutenir les refuges et sensibiliser autour du bien-être animal. Venez avec vos compagnons ! Départ à 14h.', '2025-06-18', 1, NULL, 'admin', 2),
( 3 , 'Collecte de Croquettes', 'a2.jpg', 'Toute l’année, votre association collecte des croquettes pour les chiens et chats en attente d’adoption. N’hésitez pas à faire un don ou à en parler autour de vous. ', '2025-11-12', 1, NULL, 'admin', 3),
( 4 , 'Sauvetage et Premiers Soins', 'a10.jpg', 'Rejoignez une mission de sauvetage pour animaux blessés ou abandonnés et participez aux premiers soins. Des journées spéciales sont organisées tout au long de l’année.', '2026-02-20', 1, NULL, 'admin', 4),
( 5 , 'Séance Photos Spéciale Adoptions', 'a15.jpg', 'L’association recherche des photographes bénévoles, débutants ou experimentés, pour réaliser une séance photo puis une exposition présentant les chevaux, les ânes et les poneys recueillis et leur nouvelle vie.', '2025-10-25', 1, NULL, 'admin', 5),
( 6 , 'Atelier Découverte pour les Enfants', 'a13.jpg', 'Initiez les enfants au monde animal et à l’importance de prendre soin des animaux. Pour en savoir plus, vous pouvez contacter directement l’association.', '2025-11-12', 1, NULL, 'admin', 8),
( 7 , 'Collecte de couvertures', 'a7.jpg', 'Votre refuge à besoin de couvertures chaudes pour les animaux en hiver. Neuve ou d’occasion, vous pouvez les déposer à tout moment directement dans nos locaux.', '2025-09-30', 1, NULL, 'admin', 7),
( 8 , 'Stand Associatif sur le Marché', 'a14.jpg', 'Rejoignez-nous chaque mercredi sur le marché local pour présenter les actions du refuge et récolter des dons.', '2026-03-22', 1, NULL, 'admin', 6),
( 9 , 'Journée Spéciale Adoptions Chats', 'a11.jpg', 'Tous les samedis, venez rencontrer des chats à adopter et partager un moment de douceur avec eux.', '2025-10-07', 1, NULL, 'admin', 9),
( 10 , 'Collecte de Matériel', 'a19.jpg', 'Rassemblez des accessoires, jouets, gamelles, couvertures ou paniers pour les animaux et venez les déposer directement au refuge.', '2026-02-11', 1, NULL, 'admin', 9),
( 11 , 'Soins aux oiseaux exotiques', 'a18.jpg', 'Aidez à nourrir, nettoyer leurs habitats et jouer avec les oiseaux exotiques pour leur bien-être. Des journées spéciales sont organisées tout au long de l’année pour vous faire découvrir nos merveilleux NAC.', '2026-04-18', 1, NULL, 'admin', 10),
( 12 , 'Formation pour devenir Bénévoles', 'a8.jpg', 'Participez à une formation pour devenir bénévole efficace au sein d’une association ou d’un refuge. Des journées spéciales sont organisées tout au long de l’année.', '2026-01-05', 1, NULL, 'admin', 11),
( 13 , 'Collecte de Jouets', 'a9.jpg', 'Tout au long de l’année, vous pouvez collecter et apporter des jouets pour animaux afin d’égayer le quotidien des chiens, chats et NAC au refuge.', '2025-12-10', 1, NULL, 'admin', 11),
( 14 , 'Nettoyage des Box', 'a17.jpg', 'Tous les samedis, venez aider le refuge en nettoyant les box, en préparant les espaces de vie de chevaux et en passant un moment de douceur avec eux.', '2025-07-22', 1, NULL, 'admin', 12),
( 15 , 'Promenade des Chiens', 'a16.jpg', 'Venez promener les chiens du refuge et leur offrir un moment de liberté et d’attention. Vous pouvez vous rapprocher de l’association pour leur donner vos disponibilités.', '2025-10-30', 1, NULL, 'admin', 13),
( 16 , 'Sensibilisation dans les Écoles', 'a20.jpg', 'Participez à des ateliers éducatifs pour sensibiliser les enfants à la protection animale. Pour plus de détails, vous pouvez contacter directement l’association.', '2025-09-15', 1, NULL, 'admin', 14),
( 17 , 'Portes Ouvertes du Sanctuaire', 'a12.jpg', 'Chaque dimanche,  venez seul ou en famille, découvrir le sanctuaire, ses habitants à plumes et les actions quotidiennes menées pour leur bien-être.', '2025-11-20', 1, NULL, 'admin', 15),
( 18 , 'Atelier Éducation Chiots', 'a5.jpg', 'Initiez-vous à l’éducation canine avec des chiots et découvrez les bonnes pratiques pour les futurs adoptants. Des ateliers sont organisés plusieurs fois par mois.', '2025-05-08', 1, NULL, 'admin', 16),
( 19, 'Collecte solidaire', NULL, 'Tous les samedis, l’association Ani’meaux organise une collecte solidaire au sein du magasin Truffaut situé à Coutevroult (77)', NULL, 0, 'Association Ani’meaux', 'visitor', NULL),
( 20, 'Découverte animaux sauvages', NULL, 'Plusieurs fois par mois, l’association SPA de Beauval, organise des visites spéciales au Zoo de Beauval pour sensibiliser et mieux connaître les besoins des animaux sauvages.', NULL, 0, 'Association SPA de Beauval', 'visitor', NULL )
;

INSERT INTO compawny_dev.animal
(id, name, image, arrival, description, is_adoptable, association_id, species_id) VALUES
(1, 'Gatsby', 'gatsby.jpg', '2025-12-01', 'Gatsby est un chien senior très doux et affectueux. Il adore les câlins et les moments tranquilles sur le canapé. Il préfère un foyer sans chats pour pouvoir profiter pleinement de l’attention de sa famille adoptive.', 1, 1, 1),
(2, 'Lilou', 'lilou.jpg', '2025-05-08', 'Lilou est une jeune chienne pleine d’énergie et de curiosité. Elle adore courir et jouer en extérieur. Elle est très attachante et fera le bonheur d’une famille active et aimante, prête à lui offrir de longues promenades quotidiennes.', 1, 2, 1),
(3, 'Mista', 'mista.jpg', '2025-11-20', 'Mista est une chatte âgée avec beaucoup de charme et de douceur. Elle est FIV positive et préfère les environnements calmes et sécurisés. Avec un peu de patience et beaucoup d’amour, elle saura devenir votre fidèle compagne.', 1, 4, 2),
(4, 'Simba', 'simba.jpg', '2025-09-15', 'Simba est un chien adulte plein de tendresse, un peu réservé au début mais très loyal une fois en confiance. Il aime les caresses et se promener dans des lieux calmes, parfait pour une famille cherchant un compagnon fidèle et posé.', 1, 7, 1),
(5, 'Cookie', 'cookie.jpg', '2025-10-30', 'Cookie est une chatte câline et curieuse. Elle adore observer le monde depuis la fenêtre et a besoin d’un appartement sécurisé. Elle apprécie les moments de tranquillité autant que les câlins, et fera une parfaite compagne pour un foyer attentif.', 1, 9, 2),
(6, 'Nemo', 'nemo.jpg', '2025-07-22', 'Nemo est un chien joueur et enthousiaste. Il adore les jeux et les balades en extérieur. Il sera ravi d’intégrer une famille sportive qui pourra lui offrir l’énergie et l’attention dont il a besoin.', 1, 11, 1),
(7, 'Nala', 'nala.jpg', '2025-12-10', 'Nala est une chatte douce et affectueuse. Elle aime la compagnie d’autres chats mais préfère éviter les chiens. Avec un peu de patience et beaucoup d’amour, elle saura s’intégrer parfaitement dans votre foyer.', 1, 9, 2),
(8, 'Loki', 'loki.jpg', '2026-01-05', 'Loki est un chien senior très attachant. Il aime la compagnie humaine et profite pleinement des moments de calme. Idéal pour un foyer sans autres animaux, il vous offrira fidélité et tendresse chaque jour.', 1, 7, 1),
(9, 'Fiona', 'fiona.jpg', '2026-04-18', 'Fiona est une jeune chatte joueuse et curieuse. Elle adore explorer son environnement et s’amuser avec des jouets. Elle s’adaptera parfaitement à une famille patiente qui saura lui offrir un foyer stimulant.', 1, 4, 2),
(10, 'Tango', 'tango.jpg', '2025-08-14', 'Tango est un chien actif et plein de vie. Il adore les promenades et les jeux en extérieur. Il attend un foyer dynamique prêt à partager de belles aventures et à lui offrir beaucoup d’amour.', 1, 1, 1),
(11, 'Gaston', 'gaston.jpg', '2026-02-11', 'Gaston est un chien adulte plein de tendresse mais il est un peu réservé avec les enfants. Il recherche un foyer calme et patient, où il pourra donner tout son amour à ceux qui sauront le comprendre.', 1, 11, 1),
(12, 'Salem', 'salem.jpg', '2025-10-07', 'Salem est un chat senior très affectueux. Il adore la compagnie humaine et aime se reposer sur vos genoux. Il nécessite un foyer patient et attentionné qui saura lui offrir douceur et sécurité.', 1, 1, 2),
(13, 'Oscar', 'oscar.jpg', '2026-03-22', 'Oscar est un jeune chien joueur et sociable. Il adore la compagnie d’autres chiens et sera parfait pour une famille aimante et active, prête à partager de nombreux moments de jeux et de complicité.', 1, 2, 1),
(14, 'Merlin', 'merlin.jpg', '2025-09-30', 'Merlin est un chat adulte FIV+ très tranquille. Il adore les moments de calme et s’adapte bien aux environnements sans stress. Il sera un compagnon doux et discret pour un foyer patient.', 1, 9, 2),
(15, 'Ponpon', 'ponpon.jpg', '2025-10-25', 'Ponpon est un lapin sociable et curieux. Il adore explorer son espace et interagir avec ses humains. Il a besoin d’un environnement sécurisé et d’un compagnon de jeu pour s’épanouir pleinement.', 1, 6, 3),
(16, 'Émeraude', 'emeraude.jpg', '2025-11-12', 'Émeraude est une perruche vive et joyeuse. Elle adore chanter et interagir avec ses humains. Elle a besoin de beaucoup de stimulation et de temps d’attention, et sera un vrai rayon de soleil dans votre foyer.', 1, 10, 3),
(17, 'Pépito', 'pepito.jpg', '2025-10-08', 'Pépito est un cochon d’Inde adorable mais fragile. Il a besoin d’un environnement calme et sécurisé, et d’attention quotidienne. Très câlin, il fera fondre le cœur de ses adoptants.', 1, 14, 3),
(18, 'Roxanne', 'roxanne.jpg', '2026-02-20', 'Roxanne est une chienne pleine de vie et d’amour. Elle adore les enfants et la compagnie canine. Elle attend un foyer dynamique et affectueux pour partager de nombreux moments de joie.', 1, 7, 1),
(19, 'Milo', 'milo.jpg', '2025-06-18', 'Milo est un chat adulte très attachant mais il a besoin d’un environnement calme. Il n’est pas recommandé avec les chiens, mais il saura devenir un merveilleux compagnon pour une famille patiente.', 1, 4, 2),
(20, 'Charlie', 'charlie.jpg', '2025-12-03', 'Charlie est un chien senior très doux et fidèle. Il adore les moments calmes et la compagnie humaine. Il attend un foyer aimant et patient pour partager toute sa tendresse.', 1, 7, 1)
;

INSERT INTO compawny_dev.user_action 
(user_id, action_id)
VALUES 
(2, 4),
(2, 8),
(2, 10),
(2, 9);

-- -- Transaction SQL 
-- START TRANSACTION;

-- -- Requête 1
-- INSERT INTO compawny_dev.action
-- VALUES (NULL, "Promener les chiens", "promenade.jpeg", "Pourquoi promener un chien", "2025-10-22 11:04:12", true, 1 )
-- ; 

-- -- variable qui stocke le dernier id inséré
-- SET @actionuser_id = LAST_INSERT_ID();

-- -- Requête 2
-- INSERT INTO compawny_dev.user_action
-- VALUES 
--     (1, @actionuser_id),
--     (2, @actionuser_id)
-- ;

-- COMMIT;

-- mettre à jour un enregistrement 
-- UPDATE compawny_dev.animal
-- SET animal.name = "Roxy"
-- WHERE animal.id = 1
-- ;

-- supprimer un enregistrement 
-- DELETE FROM compawny_dev.animal
-- WHERE animal.id = 2
-- ;

-- sélectionner toutes les colonnes d'une table 
-- SELECT action.* 
-- SELECT country.name
-- FROM compawny_dev.association

-- START TRANSACTION;

-- DELETE FROM compawny_dev.user_action
-- WHERE user_action.action_id = 1;

-- DELETE FROM compawny_dev.action
-- WHERE action.id = 1;

-- COMMIT; 